{
    "settingsReloadIntervalMinutes": 1,
    "fullscreen": true,
    "autoStart": true,
    "lazyLoadTabs": true,
    "websites": [
      {
        "url": "https://trend.wisesight.com/top-trend/facebook/24%20hours?locationPanel=office",
        "duration": 60,
        "tabReloadIntervalSeconds": 120
      },
      {
        "url": "https://trend.wisesight.com/top-trend/instagram/24%20hours?locationPanel=office",
        "duration": 60,
        "tabReloadIntervalSeconds": 120
      },
      {
        "url": "https://trend.wisesight.com/top-trend/youtube/24%20hours?locationPanel=office",
        "duration": 60,
        "tabReloadIntervalSeconds": 120
      }
    ]
  }
