{
    "settingsReloadIntervalMinutes": 1,
    "fullscreen": true,
    "autoStart": true,
    "lazyLoadTabs": true,
    "websites": [
      {
        "url": "https://wisesight-command-center-nissan.netlify.com/monitoring/19451/การบริการ/?forum_name=pantip",
        "duration": 60,
        "tabReloadIntervalSeconds": 120
      },
      {
        "url": "https://wisesight-command-center-nissan.netlify.com/monitoring/19451/ศูนย์บริการ/?forum_name=pantip",
        "duration": 60,
        "tabReloadIntervalSeconds": 120
      },
      {
        "url": "https://wisesight-command-center-nissan.netlify.com/monitoring/19451/ราคา/?forum_name=pantip",
        "duration": 60,
        "tabReloadIntervalSeconds": 120
      },
      {
        "url": "https://wisesight-command-center-nissan.netlify.com/monitoring/19451/อะไหล่/?forum_name=pantip",
        "duration": 60,
        "tabReloadIntervalSeconds": 120
      },
      {
        "url": "https://wisesight-command-center-nissan.netlify.com/monitoring/19451/เครื่องยนต์/?forum_name=pantip",
        "duration": 60,
        "tabReloadIntervalSeconds": 120
      },
      {
        "url": "https://wisesight-command-center-nissan.netlify.com/monitoring/19451/พนักงาน/?forum_name=pantip",
        "duration": 60,
        "tabReloadIntervalSeconds": 120
      }
    ]
  }